Category,0,1,2,3,4,5,6,7,8,9,10,11,12,13,14,15,16,17,18,19,20,21,22,23,24,25,26,27,28,29,30,31,32,33,34,35,36,37,38,39,40,41,42,43,44,45,46,47,48,49,50,51,52,53,54,55,56,57,58,59,60,61,62
0.0,0.0,0.0,0.0,-0.0227584551021149,0.0249036165431147,0.0152650077407718,-0.0339666589075777,0.0602085645627456,0.0200372194880144,-0.0422920523392741,0.089583087914726,0.0244748326453574,-0.0579515623581182,0.1054861949422844,0.0325395996074702,-1.37449931752715e-18,0.1,3.1460216356720644e-19,0.0037845039485317,0.1412133365293265,0.004263462546426,0.0086982221222051,0.1678994648632722,0.0080233411650828,0.0137654150042949,0.1908927938468611,0.0102694836297208,0.0192957537755477,0.0998615572549952,-0.0030940746860691,0.0285725536432415,0.1457686436314533,-0.0013365866810014,0.0356336144881159,0.1755830180448209,0.0010995334814037,0.0425002370099933,0.2007033414248048,0.0018739874036944,0.0357942572435214,0.0908196021064178,-0.0028553472906819,0.0497971196748353,0.1322012532581954,-0.001254594194881,0.0589789956589129,0.1587109890791064,0.0003843472285503,0.0665798106612826,0.1821021700151552,0.000295815242818,0.05,0.0745593303787203,0.0,0.0661123253893307,0.1020722460134871,0.0020778735649516,0.0758338311687224,0.1210413620088316,0.0018591373520515,0.0836203717259072,0.1392746508148725,0.0004651710341111
11.0,0.0,0.0,0.0,-0.0236457916782017,0.0463553200311568,-0.0076165971493245,-0.0333679312304047,0.0952450434741155,-0.0097510321240493,-0.0440310537752083,0.1326008660880184,-0.0131586651555178,-0.0615665727075518,0.1547583611158035,-0.0224420313563492,-1.3545014785168505e-18,0.1,3.1833285931505852e-18,0.0252637657801988,0.1295304696356088,0.0051113244537865,0.0429996262969731,0.1482945197328163,0.0080905259184711,0.0581813002641849,0.1607401404925422,0.011363030009939,0.0212930899322955,0.0806583977400404,0.001737322796094,0.0488368588508286,0.1135956267949674,0.0111270543176951,0.0669387349041596,0.1351254654157626,0.0166448191796974,0.0826656778310259,0.150669703082511,0.0208894113514615,0.0378809938214107,0.0606858165829576,0.0016719618073053,0.0622879143030296,0.0937160784601354,0.0107750688489788,0.0790243971164068,0.1139373221296115,0.0162204965862974,0.0930930500062695,0.1292759270868703,0.020505226538262,0.05,0.0421236491274123,0.0,0.0681008632767629,0.0661455052972049,0.007012974247376,0.0790796996884313,0.0811177583661414,0.0128364717288377,0.0883301895116126,0.0939949490393578,0.0174764719149928
10.0,0.0,0.0,0.0,-0.0227760161933393,0.0316993454936239,0.0083979937654871,-0.0293309359965507,0.0750849320876658,0.0122546527744301,-0.0323231133560372,0.1072528817791375,0.0167980089949735,-0.044858012976959,0.1271648764420694,0.0215536944119738,-1.3995109710030732e-17,0.1,3.942444571415155e-18,0.0014001791999505,0.1338353084169782,0.0100065911333042,-0.0056195163221607,0.1115746381453539,0.0160148730078643,-0.006012702271724,0.0889770530402538,0.0168996055641157,0.0168156937635218,0.0960098495371052,-0.0008910593491505,0.0211050475114465,0.1333156034375875,0.0075846391396006,0.0103300592565654,0.1073234503533839,0.0107204306671666,0.0086277640947136,0.085042886456048,0.0090286266445714,0.0331065400445093,0.0872081833311779,-0.0004448464828506,0.0404494830489914,0.1270124662289294,0.0064080944923195,0.0271590512557552,0.1068650987378461,0.0051711356722006,0.023951249885169,0.085940790946935,0.0003673491283513,0.05,0.0725300472052576,3.469446951953614e-18,0.0581960983123812,0.102995375873934,0.0026301050788275,0.0462257970405542,0.0966679264367903,0.0007243449974666,0.0396765706017662,0.0832682081936962,-0.0029666201147144
9.0,0.0,0.0,0.0,-0.0277960477907982,0.040630384641733,-0.0020731098814157,-0.0420805739520452,0.0824618847751927,-0.005521058595456,-0.054784815009318,0.1175472944508541,-0.0096488981663676,-0.0734604424297249,0.1356690780513848,-0.0147574951048549,-4.3613446031389495e-18,0.1,9.195588072811138e-19,-0.0071263817320393,0.1465430779654147,0.0001681327915127,-0.0159348315861645,0.1298600065062226,-0.0030856394096348,-0.0146476480473569,0.1090018234909918,-0.0049303164086747,0.0223402868438264,0.0900190219223521,0.0003786199599745,0.0128164046831157,0.1381864407705995,0.0006069823202854,0.0030104367803721,0.1244214816101119,-0.0008390214101643,0.0050330768637158,0.1059595187021871,-0.001463686979315,0.0387827520685985,0.0766923828976816,0.0004711141818852,0.0298669566169397,0.1237681868597447,0.0026247611771189,0.0207236003106942,0.1136808516476011,0.0050262705534017,0.0217133854184446,0.0965577205777237,0.006308821696631,0.05,0.0641395468865356,1.734723475976807e-18,0.0463465658610463,0.1018036653121706,0.0039505405102989,0.0380415914993759,0.0961815872744875,0.0079267917214138,0.0375383947588756,0.0805223036194851,0.0105840472946105
0.0,0.0,0.0,0.0,0.0045716865794813,0.0336231153939099,0.0165710923596891,0.0101500738651991,0.0709220331594148,0.0215807695541215,0.0146911803634684,0.095832559007804,0.0197088588783328,0.0149367027600434,0.1169890875598725,0.0154596025895694,-5.772295242806569e-18,0.1,-4.5190575685403385e-18,0.0566899995447424,0.1006809687607284,0.0392897989950201,0.0711367895193083,0.0808505885151928,0.0423594508930445,0.0670947096864866,0.0725413876348095,0.0321304283175259,0.0127292678265467,0.0886199728293546,-0.0034205738532423,0.069027958231734,0.0900047527838094,0.0411363274985547,0.0736141883123801,0.0695519959532798,0.0453060899143757,0.0640437084921614,0.0622505794635217,0.0349431401538859,0.0299600346490546,0.0709282684702707,-0.003107053244845,0.0789715059088761,0.0764688361715934,0.0377152387278165,0.0765858447536578,0.0575176050758252,0.0446028582291285,0.0637327558886435,0.0492345286487425,0.0379945928610289,0.05,0.049393250788239,-1.734723475976807e-18,0.0807049547218106,0.0616126575024873,0.0311969777204923,0.0766634243708437,0.0502898277918306,0.0373701239823788,0.0650488714052154,0.0424308466613195,0.0321215002873479
7.0,0.0,0.0,0.0,-0.0135449426826588,0.0301505951946358,0.0178622956790554,-0.0170470383394794,0.0625354406814354,0.0299726117980991,-0.0194784639394151,0.0832629487541982,0.0458166505123668,-0.021138422484814,0.0992055123099302,0.0606583129440072,-2.8027158671091333e-18,0.1,4.638232639865549e-18,0.010252002334885,0.1306450601543599,0.021910400910512,0.012603064509789,0.120565036970147,0.0480137799764114,0.0087125435271352,0.1049253602159358,0.0677604819564486,0.0167975321662888,0.1005743886712256,-0.0039229692599397,0.0309029465528155,0.1477724701920132,-0.00193725824582,0.0384797691405542,0.1791736085484687,0.0056019132350547,0.0434211722532025,0.2051176255054237,0.0103782984407348,0.0345299723662456,0.0873293959330938,-0.0039100839771127,0.0567201121250308,0.132314125068165,-0.0107561628477707,0.0691468111327161,0.1619455261379843,-0.0116437474633115,0.0770540101620159,0.1892018719347356,-0.0130658681470099,0.05,0.0645420179935505,3.469446951953614e-18,0.0743330230830942,0.0873160149822,-0.009775907597152,0.0851791561146576,0.1078861140471516,-0.0167232507462857,0.0919996528432631,0.1287448818663276,-0.0226743205449206
8.0,0.0,0.0,0.0,-0.0213350042810821,0.0266851606752367,0.0263384961026645,-0.0258253960483915,0.055227344254823,0.0447186317573649,-0.0258527405394489,0.0726568619876963,0.0654834399632536,-0.0259572668203489,0.0839527395398088,0.0864870571096357,-1.3254863782408237e-18,0.1,-2.6206544092994893e-19,0.0008896094036433,0.1219297512174064,0.0271020033405169,-0.0021943972128643,0.1244650713000511,0.0517290580486648,-0.0079177786190465,0.1225965414964496,0.0725040134521407,0.0207490753173416,0.0948009369160665,-0.008096201473744,0.0089693049447633,0.0892759994006599,0.0420642166142207,0.0172310929347797,0.0683389967934807,0.0445143589713012,0.0279720354877174,0.0635964448187353,0.0346703779025346,0.0369971645959639,0.0800772300783276,-0.0071705924198993,0.020784099983703,0.0662584336724261,0.0431253999336581,0.0214540508029907,0.0481363977463662,0.0400581981570836,0.0260233276227981,0.0473586788581746,0.0277627420823727,0.05,0.0615745966099282,1.734723475976807e-18,0.032216919041102,0.0494848988636568,0.0368631170988705,0.0296034977593924,0.0371151830987251,0.0348446156543348,0.0326986390700629,0.0373075523286968,0.0236674871078611
6.0,0.0,0.0,0.0,-0.013469233544976,0.0166770239759393,0.0134455884912807,-0.0227869582863184,0.0424815691596276,0.0201958775515645,-0.005743860384596,0.0587292309167116,0.0234004318553601,0.014889056694203,0.0662442417226536,0.0254442406321766,2.0610169946465564e-19,0.1,-2.6351065522985428e-20,0.0094027209046994,0.1282717785725609,0.0122125430629506,0.0094794118662266,0.1219604925192302,0.0224304013435576,0.0086585934662884,0.1127079186452464,0.0275167653775996,0.0214085542066924,0.1018773060847628,-0.0046033730515787,0.0201284668513176,0.076517972851144,0.0172678622520431,0.0086656028752847,0.0478041679357323,0.0260821203818551,0.0042044467826855,0.0445268876015616,0.0255624052282724,0.0374301850482929,0.0914768759250928,-0.0038450187829873,0.0339623575177006,0.0604052436767503,0.0161112542127521,0.0207514937845054,0.0386280031830773,0.0172808010866612,0.0155341955782591,0.0402928226383927,0.0123159693830198,0.05,0.0766336978421177,0.0,0.043829505428567,0.047475802456323,0.0137432102492935,0.031830323945794,0.0300642583292034,0.01517708820431,0.0265601696756513,0.0317491345403002,0.0107669775270505
5.0,0.0,0.0,0.0,-0.0175504273294558,0.0184556829619282,0.0148879197511959,-0.0251673003963403,0.0466170918021684,0.0227768450168598,-0.0118421281329901,0.0697526917358298,0.0254301667576395,0.0092951200952355,0.0862124968111945,0.0242427181038575,-7.487977131964607e-19,0.1,2.287785800887364e-19,0.0266644573970118,0.1466723040521536,0.0034208088463511,0.0237103021718149,0.1447046533151124,0.0141125648319887,0.0165689287525529,0.1295673894637329,0.0215351606212479,0.0209705481897864,0.092718108121619,-0.0042634314946802,0.0263339088777127,0.0995678947590875,0.0108959528065408,0.0136667404670702,0.0773418611145428,0.0216497233461277,0.0080771451749604,0.0665703033053258,0.0240410933159816,0.0373890371695458,0.0782226550017454,-0.0038226765232373,0.032823003938837,0.072827903582952,0.0130553953323033,0.0168190510086855,0.0532835353587454,0.017387822872853,0.0104290240538005,0.0460352631191334,0.01515356613103,0.05,0.0595698983463987,-1.734723475976807e-18,0.0390982089164111,0.0497377596352449,0.0126694352252029,0.025085762307646,0.0372774316052996,0.0153160664859541,0.020114679988091,0.0340960018892006,0.0123464713057319
3.0,0.0,0.0,0.0,-0.0149901115475605,0.0189974829880083,0.0139270755562865,-0.0185781018228674,0.047583613598754,0.0203306186412433,0.0012865579708696,0.0646500104557591,0.0192726383047172,0.0254514408365522,0.0658580647856041,0.0157023948569096,2.3464823434187373e-19,0.1,1.815179630781105e-18,0.0225918650281461,0.1393526061095375,0.0058168662620481,0.0153091763351224,0.1210542796651835,0.0193475083151038,0.010896013935741,0.1065562057289771,0.0252606575528438,0.0190078717635152,0.0913256351605766,-0.0031994896177085,0.0400218006268712,0.1275095721721364,0.0023657181408643,0.0254637566391849,0.1022356678282194,0.0139640743405257,0.0191080146599941,0.0892353648720487,0.0158851022082831,0.0357395138420214,0.0768088778878718,-0.0027248022182358,0.0503714077384405,0.0951073518941807,0.0068102468096383,0.0302185911534663,0.0680338527618725,0.0129574555994431,0.0205388512644516,0.0565880794746259,0.010128829845961,0.05,0.0581074190783764,0.0,0.0559142400219088,0.0696398649631343,0.0051078352082295,0.0386962398180662,0.0522611603710901,0.006963958703242,0.0297597059886431,0.042992304584669,0.0036856280141965
2.0,0.0,0.0,0.0,-0.0157700870946943,0.0199980132768402,0.0131710907108519,-0.0205122848810392,0.0513147127534121,0.0177419428498866,-0.0014828859651176,0.0693939770068921,0.0164549219183618,0.0210481978145256,0.071520765942967,0.0136186329485322,1.239218360315842e-18,0.1,5.63128711144807e-19,0.0245272980713129,0.1402386891277917,0.0043951755349633,0.0245315802527734,0.1506544084951762,0.0114093575919512,0.0177916252921417,0.1450559331816773,0.0155711729342666,0.0219793328460474,0.0974029488194087,-0.0038325757195475,0.0492958343185345,0.1414607334466524,-0.0014015834001995,0.0414546839212889,0.1484743731743267,0.0055359561513188,0.0289566383304127,0.1416515469503551,0.0084410424661513,0.038753562461054,0.0843308546422925,-0.003411503921597,0.035158663709195,0.0839177249761284,0.0117377801786704,0.0213930492599538,0.0656097214607903,0.018986306182019,0.014228162564675,0.0534194031478904,0.0178641714127341,0.05,0.0655078418696801,0.0,0.0372852661741769,0.0556372468537553,0.01056420325102,0.0269713372776128,0.0426593986384565,0.0126197606305115,0.0255897226197178,0.0377465911106504,0.0093267664996668
0.0,0.0,0.0,0.0,-0.0235105755127474,0.020395497474913,0.0220688261329819,-0.0330315582108155,0.0457530047513095,0.0348727003226273,-0.0215082429816457,0.0566143295382431,0.0379186423347531,0.0026366701860303,0.0518300245449523,0.0335267808185866,-2.2580824205805463e-19,0.1,-1.8829395041763392e-18,-0.0201786507887059,0.0836470024522267,0.0305846726402043,-0.014576320663514,0.0646400917802376,0.0437477204641792,-3.601877586593672e-05,0.0641422555286622,0.0469805751670774,0.024044867089991,0.0903995550907241,-0.0067281821953572,-0.0011644719567999,0.0716478996591164,0.0235372995827384,-0.0016343051376163,0.0554379546662906,0.0321464799387058,0.0082791160272095,0.0568947839313171,0.0323207694315873,0.0407421604428494,0.0721358167248681,-0.0064097996019389,0.0119211697700058,0.0502866944888974,0.023627377088863,0.0066550250349809,0.0381402038188153,0.0274543780668618,0.0153414068275596,0.042066313421104,0.0231163140227665,0.05,0.0505990769547504,3.469446951953614e-18,0.0213873369976951,0.0289073726197628,0.0259799790666259,0.0194123243946776,0.021932577417836,0.0295850217806485,0.030442978903201,0.0276224194068596,0.0248277412796756
12.0,0.0,0.0,0.0,-0.0181248178928958,0.0409730734805122,0.0203636609643938,-0.0297765192474686,0.0851511488344926,0.0264845527258712,-0.0403752621546375,0.1228148002986508,0.0322342064637888,-0.0515393834612065,0.1564706045107758,0.0421328017009049,-1.1888792019188566e-18,0.1,1.1638035000452033e-18,0.0142776110554088,0.1408773900988609,-0.0056698487197953,0.0263166377033987,0.1642538997735902,-0.0092685007518338,0.037215372734548,0.1839224607261755,-0.0149611055016913,0.0184897540437682,0.0844181414740173,-0.0051020003162524,0.0364217144487582,0.1275160734814062,-0.0153702015699155,0.0503242180150454,0.1553808101404843,-0.0219644729531244,0.0630787769161377,0.1800402818032876,-0.0303268609485379,0.0349274854106465,0.0625353981515242,-0.0046845781021494,0.0531159738036497,0.0982431581719027,-0.0136955124172226,0.0630927883413791,0.1220106640956994,-0.0200600763110502,0.0710354558720004,0.1439780376069692,-0.0276825947709125,0.05,0.0372510652219074,0.0,0.0666077414736745,0.0627953658035687,-0.0057465671738495,0.0735108045202366,0.0793519074521624,-0.0104997905251234,0.0784966178556466,0.0952655819430206,-0.0160907953009508
0.0,0.0,0.0,0.0,-0.0296395362342327,0.0566991826019828,0.0070388705707463,-0.041816719333269,0.1097349184798018,0.0156729669603661,-0.0325010403217672,0.1502983155474991,0.0221358982660912,-0.0136600142945715,0.1569082084442038,0.0204182883594222,-3.23637785707074e-18,0.1,-3.965662659976692e-18,0.0055064719361962,0.1642604805580289,0.0145024048012848,-0.0094898675453627,0.1643713764651953,0.0210563820937707,-0.0167722584728281,0.1482768527583517,0.0212278381653039,0.0249253742839596,0.0823223858767883,-0.0024294919395413,0.0193059251283829,0.1512573898044311,0.0150307780716617,0.0030014344008254,0.1481557590039191,0.0218268544201388,-0.0023776399981267,0.1296106682635658,0.0211241495926062,0.0408896886734897,0.0694307286781355,-0.0017687069514305,0.0307586994189047,0.1308207277709771,0.0151540275392397,0.0181367644888662,0.1233914040182543,0.0215827900216053,0.0142689539661096,0.1044790867032176,0.0209255818309323,0.05,0.0599138140813036,0.0,0.0393090662835265,0.1073180018853809,0.0116408328283554,0.029692832705303,0.1035677554828612,0.0146132271411889,0.0271917644115682,0.0892335089801863,0.0134992020776081
0.0,0.0,0.0,0.0,-0.0191068866180977,0.0367686619796528,0.0091188725280995,-0.0269232280787599,0.0833271175210251,0.0121676869253443,-0.0250535656700666,0.1124649102297059,0.013523645650631,-0.016553766272194,0.1278470428153744,0.0105847530444533,-1.478839075898336e-17,0.1,2.812083533222207e-18,-0.0033167940383356,0.1270135676488022,0.0115717666109207,-0.0124616737976867,0.09967243415456,0.0163510322810361,-0.0095830012441487,0.0876262896891588,0.016061830474982,0.0161847637620708,0.0881020098942943,-0.001130582686639,0.0107788907752997,0.1140044174932044,0.0108485358119801,-0.0002161656076912,0.0828979236906123,0.0127646888390678,0.0060861601222624,0.0720448752242753,0.0088796806371871,0.0324422754855987,0.072593981435914,-0.0004450956712104,0.0267353857410406,0.0980639679588599,0.0131077168147516,0.0133804939489741,0.0708030297751862,0.0094182105059226,0.0180793149119045,0.0590310470006801,0.0013179369174619,0.05,0.0530246471076609,-1.734723475976807e-18,0.0413178733234901,0.0787917898180321,0.0084976796714977,0.0287995415479161,0.0625811746965563,0.0037779776972907,0.0310702775921385,0.0504557710765466,-0.0040223518728777
10.0,0.0,0.0,0.0,-0.0237721234209965,0.0327627302360546,0.0110990672885898,-0.0316922759243224,0.0734600654120321,0.0166109171480699,-0.0373120068725197,0.0990583873596019,0.0226320942246016,-0.0472708310124377,0.1156378080032295,0.0270193256603789,5.657067508931336e-18,0.1,-9.107899975811158e-19,-0.0057999011679622,0.1241533582740944,0.0156572169164744,-0.0142243036857115,0.0947167146157193,0.0200463777839916,-0.0103886297378231,0.0822628819088233,0.0185188605915521,0.0153233026558415,0.0945467070937368,-0.0006368775113342,0.0060619505886237,0.11762780510941,0.0167674816375396,-0.0035459537364623,0.0836627399992748,0.017712216506399,0.0037214606579267,0.0741063721820672,0.0118326039618986,0.0318799875002137,0.0853864989499455,0.0001688934846685,0.0218364232172483,0.1075547199722285,0.0190357390225006,0.0099479595014421,0.0778341231935015,0.0147742029792451,0.0156875228778518,0.0682985821797815,0.0046195010702891,0.05,0.0723392817399789,3.469446951953614e-18,0.0370186313961454,0.0934567992124373,0.0131601241629726,0.0259116592650373,0.0751743251314614,0.008753586443505,0.0302437074534228,0.0650352890440947,-0.0005268994825995
9.0,0.0,0.0,0.0,-0.0158663157965907,0.0569756468274494,0.0062120382804978,-0.0262781830765387,0.1190356875051232,0.0165627818066197,-0.0385757172646773,0.1698048491586573,0.017571901002848,-0.0528802315403332,0.2141545001247312,0.0144661187740499,-2.83351194372479e-18,0.1,9.26066886052204e-19,0.0205233111025044,0.1440576945181133,0.0387759544800932,0.0162841170121705,0.1421660074775296,0.028080102566494,0.0097803982111728,0.131310596378492,0.0136729380905731,0.0202347242187605,0.062720522869125,-0.0027318905732523,0.0371910304454913,0.1132363107252051,0.0398575128409772,0.0271826292031991,0.1068273284707196,0.0312656979879392,0.0195817837258591,0.0912188813447887,0.0173219072007796,0.0367698996478094,0.0346032367045221,-0.0018402804952013,0.0486608528948752,0.0756040316036356,0.0379242950731419,0.035407300867147,0.0611581201312556,0.0328121352573903,0.026615726160224,0.0424941249649292,0.0222843673773741,0.05,0.0154490411658477,6.938893903907228e-18,0.0586921134612634,0.0374067806419838,0.033352438253154,0.0472370236318094,0.0259358509462686,0.0303062816287061,0.039150873682937,0.010200884922912,0.0198653925820156
0.0,0.0,0.0,0.0,-0.0047478416289975,0.0396565545762866,0.0030100085313865,-0.003477569183149,0.0874451843912699,0.0155650966345965,0.0040479197253282,0.1169423410944157,0.0284878691052208,0.013767117887918,0.128220570722876,0.036768632155355,2.6609627111993032e-18,0.1,-2.587070279616771e-18,0.0319386919416081,0.1228295757822525,0.0345329379286003,0.0397056037238451,0.1097386760213194,0.0268184869511588,0.0372952324569658,0.1023858915253474,0.0125387239015962,0.0147534882529231,0.0729618464266545,-0.0022984216473501,0.0474480207225276,0.0960318942127095,0.0391961759599811,0.0444713773391318,0.0808047258569357,0.0310563268358334,0.0372861212057342,0.0719414527581232,0.0172554365464332,0.0317250502008036,0.0451615955945536,-0.0018136560566869,0.0576662179155563,0.0670718819607609,0.0375122802370533,0.0481960806258911,0.0510500549705184,0.0314772513176672,0.0382155232711275,0.0413720426574211,0.020629926149917,0.05,0.0188745020467407,0.0,0.066376864040827,0.0398889661426147,0.0342956576516856,0.0584216209497304,0.0288391405542203,0.0294154210179584,0.0500118304948542,0.0185743961930886,0.0179767819259723
4.0,0.0,0.0,0.0,-0.0110016916571592,0.0209201858864662,0.0152709831675277,-0.0142124092877666,0.0463053924296278,0.0222163932558493,-0.0050362140241882,0.0640205831448205,0.0266159625450224,0.0057773355871992,0.0812635601268807,0.0295802356146587,-3.8701848921516644e-19,0.1,3.659668549753997e-18,0.0067205179812055,0.13753059921978,0.0083059706291943,0.011565295951904,0.1639226083888139,0.0127416361027878,0.0168942864777629,0.1856763530613933,0.0144150350893132,0.0206569567710979,0.0983424893311801,-0.0043974831769462,0.0235309846400053,0.1015102597276781,0.0191651572535178,0.0152025075743403,0.0743615644115735,0.0328591064808089,0.0099216053131392,0.0587328325555008,0.0358685684380193,0.0371924644941495,0.0869503759038912,-0.0040580062999848,0.0356989833230576,0.0767223018038117,0.0202549550295443,0.0223367641087904,0.0543804218736124,0.02498616948054,0.0143329124937753,0.0464429631111785,0.02130575704847,0.05,0.0703800092210927,0.0,0.0450070553499069,0.0558244692004375,0.0176048286675511,0.0331209764599858,0.0406770057851168,0.0209040808267177,0.0266082194896781,0.0387030609826365,0.0171870454244863
1.0,0.0,0.0,0.0,-0.0109841330487972,0.0251620143871488,0.0148537110490573,-0.0103813430934758,0.0557737234804012,0.0177101518534951,0.0060595071912808,0.0721449575654646,0.0175058282098232,0.0248559969388478,0.0852243746878499,0.0156345093134581,1.4756014197879193e-18,0.1,-4.392463397687637e-19,0.0087992452550859,0.1381614181040027,0.0075935279411785,0.0161887327186125,0.1627731789659163,0.0103690476491267,0.0242054581266701,0.1831962775123478,0.0090465828429217,0.019390295707324,0.0983673209257051,-0.0036675914819699,0.0285844376220133,0.1363320929338763,0.005901778765939,0.034658537902348,0.1613023741476408,0.0090874076709908,0.0401538463759991,0.1842490655695264,0.0058766946083554,0.0363359795871914,0.0870441011420944,-0.0032957921240762,0.0385979099147759,0.0853191857404598,0.0177238392643169,0.0252626314367223,0.0602806156659668,0.0270999740163612,0.0158688286841109,0.048515818265129,0.0251510439928785,0.05,0.0703874131033625,-1.734723475976807e-18,0.0462081752198688,0.0615613487020631,0.0151227562756414,0.0342357028319153,0.0453264470761068,0.019077287497577,0.0270872543789099,0.0400402137015451,0.0162178263569013
6.0,0.0,0.0,0.0,-0.0143421078552706,0.0221417286132895,0.008900857855027,-0.0179496803686989,0.0544200078944548,0.0129759060593274,-0.0037803718707656,0.0791019875830704,0.0140476254624428,0.0186644884696609,0.0905925117670996,0.0112918129996912,-7.026012074192822e-19,0.1,6.185894146992762e-19,0.0099963444251724,0.1334576506342842,0.0101795604758413,0.0030088767118285,0.1112646927970841,0.018614541418558,0.0017158961088938,0.0975785490461832,0.0210732261116682,0.0201925707938838,0.0964418790765352,-0.0027036416845856,0.0219543366871795,0.105561979640446,0.00891827225743,0.0088011797098584,0.0776250675440671,0.0147002330757511,0.0069010040469783,0.07070441732401,0.0137236079304684,0.0370840322543287,0.0862038459444366,-0.0023198962409932,0.0311470942860837,0.0787266843371046,0.0105470669170571,0.0156132480317588,0.0557376964424433,0.012569885158426,0.0133923338564541,0.0522947089389387,0.0089268762007663,0.05,0.072015402222453,-1.734723475976807e-18,0.0362617846860903,0.0580548943819594,0.0089743901228805,0.0252067674463678,0.0426678259073337,0.0097874988014861,0.0258043269144945,0.0417284434793141,0.006155266401108
3.0,0.0,0.0,0.0,-0.0133864790340667,0.0210483776087445,0.0120469937206888,-0.0140144389906987,0.0556311328278315,0.0146744977125811,0.0076340210919313,0.0731805736322409,0.0127449974990208,0.0282022715306553,0.0753396929911029,0.0090520931610651,-6.065288384548328e-18,0.1,4.295439581038291e-19,0.0131554834923687,0.1265036936180251,0.0082137935595144,0.0046754499568349,0.0967544090335714,0.0175200826613427,0.0026723237884595,0.089387135457724,0.0209980939678078,0.0191830839822032,0.094564859645349,-0.0028911957860168,0.0328140081369423,0.1245564016898118,0.0053128617252914,0.0204583217852941,0.0934079094301906,0.0105428156437115,0.0167077811249008,0.0867368991727814,0.0089778205920042,0.0355786567656493,0.0817561157359921,-0.002374592432572,0.0453351170720815,0.0995827085810679,0.0056241915702716,0.0291748019111046,0.0724120898580149,0.0041661665701582,0.0233551392532576,0.0675088759214713,-0.0014959851012313,0.05,0.0661420426988882,0.0,0.0531087264226348,0.0733492699019167,0.0031248094954531,0.0406915010530505,0.058135506038162,0.0004600759929199,0.0357869654991317,0.0563602188842081,-0.0042322177507446
0.0,0.0,0.0,0.0,-0.0183209954947113,0.0274708049890402,0.0106126489871554,-0.0261416216741046,0.0656870094154944,0.0151255895304306,-0.0242730660579172,0.1014972104575655,0.0186969496155897,-0.0086524290995078,0.1236524244189386,0.0175095917944773,-4.04984031610213e-19,0.1,2.0885432654171045e-19,0.0041611710180339,0.13042859708633,0.0116797677960883,-0.0072817715680543,0.1022607409808081,0.0211309823346077,-0.0094145378527435,0.079556525769908,0.0232208056041987,0.0153891777629396,0.0983114002480365,-0.0011294835613287,0.0213038431272521,0.1334784710435901,0.0100560588257288,0.0063653902794065,0.099014904853401,0.0171023556592886,0.0041747094484005,0.0749034045726396,0.0165242618987945,0.0317348578184601,0.0922087783730699,-0.0006198626535703,0.0380687462921469,0.129169520426878,0.0106042316517912,0.0204981245459634,0.0967264540199602,0.0101101855964854,0.0158734599989043,0.0725387813814604,0.0040178000701799,0.05,0.0815817908507912,1.734723475976807e-18,0.0522768730298009,0.1153799558181615,0.0076904577144165,0.0365550961697851,0.0964213359014865,0.0054426549584905,0.030203794291978,0.0758784920813291,-0.0003070577845316
0.0,0.0,0.0,0.0,-0.0210605904079734,0.0192506541034656,0.0178347025722789,-0.0330173291951896,0.0551730148477272,0.025129961295469,-0.0406077786359323,0.0851477906720715,0.031791890111632,-0.0550813323360395,0.1014064051100095,0.0378160391252183,-2.295334730901963e-19,0.1,3.518972332025302e-20,0.0044453758943059,0.1056085034823907,0.0144821293454127,-0.0036479333705753,0.0762778881222604,0.0253385908980511,-0.0078847435231944,0.0677144355026925,0.0296739550353412,0.0203802387777187,0.1005683357911096,-0.0042009333809455,0.0225527105263398,0.096935369945653,0.0096067344879533,0.0093775007130314,0.0642446119720617,0.0144948463862022,0.0052164707393008,0.0630955165467923,0.0125607238573379,0.0366420430555171,0.0909250524974415,-0.0034453452216123,0.0389902044044798,0.0902555811210004,0.0114150223275662,0.0247758813863014,0.0614531646605039,0.0096531817985027,0.0193692027417275,0.0594893193160379,0.0030291392682611,0.05,0.0769624104753498,-8.673617379884035e-19,0.0567698383628933,0.0818064938171013,0.0070401198781187,0.0462013972983225,0.0656323957235014,0.0049423925436332,0.0410387279881902,0.0620200700050157,-0.000304413606564
12.0,0.0,0.0,0.0,-0.01378161875984,0.0544450373857837,0.0146102919023633,-0.0272058160199111,0.1106134048834138,0.0210150063905252,-0.039513548205764,0.1576600691608021,0.028855330270671,-0.0496702569801962,0.2024223811769509,0.0380839550822764,-1.0063648693285125e-18,0.1,1.3525195404048002e-18,0.0157409547398616,0.1299450720838869,-0.0033672378633199,0.028736318551451,0.1445710384946593,-0.0021122995665262,0.0392459258451058,0.1500199265381317,-0.0014880589563048,0.019799143936424,0.0674832617938736,-0.0044995205849351,0.036115364088692,0.0955626536146132,-0.011324032355197,0.0471998508155515,0.1042649562486154,-0.0111725468968385,0.0554747796015166,0.1069834677993678,-0.0083943998606402,0.0360668043661552,0.0358380394763259,-0.0043577444658985,0.0511758781027885,0.0580426063042348,-0.0109859260357635,0.0598781626309507,0.0629834210484726,-0.0130505465701368,0.0648550388244744,0.0628837007156487,-0.0109083532107852,0.05,0.0049882167761292,0.0,0.0640350075858802,0.020922064980958,-0.006931594327252,0.0702352039021523,0.0291765119277527,-0.0114793635484303,0.0735368326796992,0.034151881164322,-0.0121476419243423
6.0,0.0,0.0,0.0,-0.0151291698050983,0.0185933868665067,0.0213403143427092,-0.0241056807201984,0.0455085454920891,0.0366268025986469,-0.0175400837007996,0.070593220622565,0.0466216957527659,0.0037157354146832,0.0835416882425666,0.0489839388491171,2.0934492770611586e-18,0.1,9.761915766014501e-19,0.0037030579526001,0.1297655284490021,0.0228007521139585,-0.0036758146110411,0.1198280989666892,0.0420712761717607,-0.0091308932945851,0.1036720588462004,0.0514503566209767,0.0210482985926684,0.0990917853645247,-0.0065771395726291,0.0107796823828544,0.0975103156166666,0.0239416813632672,0.0020244896231169,0.0682210204341465,0.036471360471932,0.003183517704352,0.0608068279071127,0.0338858099631515,0.0372028667093811,0.0882934688130653,-0.0054782741917831,0.0218635770242836,0.0737655459430436,0.0267141017163882,0.012139248276212,0.0505251886708032,0.0300507722697977,0.0129393299412821,0.0484196759730119,0.0216066673271262,0.05,0.0725839085746676,0.0,0.0346891308532203,0.0564814353257422,0.0216564275168483,0.0245853457286145,0.0420388862448415,0.0239180133059468,0.0248635460827046,0.0429347383299736,0.0163734791316732
6.0,0.0,0.0,0.0,-0.0174798706224413,0.0209348023505729,0.0120694993076126,-0.0240542946841395,0.0522189645777868,0.0175633019543759,-0.0096367610238299,0.0735550227158087,0.0189949471352453,0.0103142617079722,0.0829600635358513,0.0181634197133486,2.541343585373325e-18,0.1,-2.5063062699625592e-18,0.0175978402653279,0.1452598035925379,0.0078116246049226,0.0116381237396486,0.1334501030924244,0.0213011786811692,0.0054267566651855,0.1126114894513163,0.0289363021855607,0.0191639917806763,0.0942666780896014,-0.0030445904781076,0.0250563110941648,0.1127391453076795,0.0089503286981522,0.0147038229542781,0.0966205756443689,0.0189081904355664,0.0090856963886316,0.0848881929105975,0.0226115960282961,0.035875636292225,0.0821772846626115,-0.0027435658478618,0.0351246717644024,0.0893045769693748,0.0096099513242359,0.0197766242107172,0.070543101103776,0.0142726156319533,0.0111310453336572,0.0578627062849347,0.0140533072620446,0.05,0.0654239869101787,0.0,0.0459819370944355,0.0686786394114716,0.0080255205987371,0.0318024130921782,0.0561046560004165,0.0100505078015552,0.0231942846166487,0.04702743017618,0.0086161895475258
5.0,0.0,0.0,0.0,-0.0125623494338651,0.0224738598614893,0.0156703109378114,-0.0103546351759717,0.0499696250349559,0.0217260714273281,0.0144844852138429,0.0680277767723642,0.0254415896467756,0.0395973717464108,0.0800656881565002,0.0268449026609351,-1.4636469976418789e-18,0.1,1.9040257048352e-19,0.0160715359524238,0.1481283146261788,0.0108596332012456,0.0237041865084339,0.1454202146974064,0.0194595397014479,0.0254759261107826,0.1300619401223904,0.0239704384534269,0.0193391929838386,0.0941896616586609,-0.0036836440160882,0.0313377234259947,0.1015147863366967,0.0129988441929761,0.0232577204190065,0.077593680035101,0.0210625842667891,0.0141537210428839,0.0709183197844991,0.0213815289845483,0.0362157329608588,0.083222021214484,-0.0030952104970965,0.0433771626407392,0.0774355945077795,0.0143598556388848,0.0307222543977445,0.0583786661638001,0.0160824307639717,0.0209013404064879,0.057482605844049,0.0115827628084091,0.05,0.0699240892754637,0.0,0.0525666245545181,0.0649699263385652,0.0102741139402481,0.0421607791796481,0.0513075888728041,0.0099762224616505,0.0339315010285744,0.0483418767096859,0.0054878465805204
6.0,0.0,0.0,0.0,-0.0094363697713442,0.0219607336309107,0.0140243109422477,-0.0064914880187104,0.0524356315882384,0.0193218820329599,0.0162049572298632,0.0738420495239226,0.0216208491872926,0.0387156294988844,0.0877616102327669,0.0213214594049567,-8.111304544746894e-19,0.1,-7.4654649405124735e-19,0.0208493920988776,0.1364111717993383,0.0135190994905016,0.0153666377391776,0.1205033063989037,0.0258540956012534,0.0078173010511228,0.1036445278593669,0.031562950915607,0.0188277133885589,0.0922089059885614,-0.0034277336562395,0.0346322156933437,0.1066977097415615,0.0117033997349793,0.0229246397978756,0.0812528747233368,0.0196388477321015,0.0154048900241857,0.0759902218475087,0.0196432476936249,0.0357219492737283,0.0801697586815484,-0.0028029035010717,0.0479547613214593,0.085073771367854,0.0116128348755809,0.0324661227076559,0.0637097730024591,0.0126063484542538,0.0224549045176151,0.0628739927537055,0.0080882028900703,0.05,0.0655008549167409,0.0,0.0563427004689082,0.065817170383014,0.0082251628376405,0.0431415429913068,0.050085485666159,0.0080242842418062,0.0340067422556796,0.0478688895616822,0.0040183115839202
5.0,0.0,0.0,0.0,-0.0152354761756074,0.0208963751673392,0.0176554015424089,-0.0189603306781428,0.0560145564349408,0.024631330990792,-0.00072913474032,0.0848312444342804,0.0273820675296234,0.011508352546007,0.1093903309921307,0.0304698468710234,-5.502170698541224e-19,0.1,1.8718546348168856e-18,0.0101252573804798,0.1346705991215739,0.011509797472027,0.0118877818551496,0.1510641836377413,0.0201318957597087,0.0091034253179507,0.1547040181540268,0.0256671702096994,0.0196855388230519,0.0935446362402111,-0.0032972015055857,0.0222882380994418,0.1142739268687449,0.0169506409449579,0.0120036974521458,0.0864421319492007,0.0274972150797092,0.0056895064737446,0.0662447595634069,0.0287757761861123,0.0353852543267983,0.081117508239409,-0.0025879515952803,0.0375812563640199,0.0972850414176186,0.018585780669605,0.0223679867864137,0.0702886205243537,0.0199140816749766,0.015032559543038,0.0533119344318452,0.0138142693967734,0.05,0.0634923416008154,-1.734723475976807e-18,0.0509548059848137,0.0800991863313454,0.0136814125631688,0.0369624747922198,0.0635389277911986,0.0129298428351906,0.0308966940665411,0.052751786330402,0.0070465344306008
0.0,0.0,0.0,0.0,-0.0221521172132448,0.0286456155605912,0.0212248966304722,-0.035173734533231,0.0591481989132002,0.0385991166067738,-0.0441920082582571,0.0777630864379883,0.0567954323388185,-0.0545806984117693,0.0900734374822537,0.0767467668269433,-6.2203051925103896e-18,0.1,4.964528727514544e-18,-0.0155388235997081,0.100373877370545,0.0440411921189592,-0.0226765931745843,0.0770187645102891,0.0713837588620978,-0.0255633251964264,0.0591475784303688,0.0849391327402832,0.0211145855268375,0.0850612827387922,-0.0074387377572765,-0.0028827274001504,0.0767950523949187,0.0440648975770997,-0.0106510673743197,0.0506670528700227,0.0629582547764266,-0.0082681194348105,0.0399885001734306,0.0643048937310111,0.0374901398798498,0.0602269453033673,-0.0059940445656456,0.0142684955339989,0.0511986719717083,0.0443837217112238,0.0009521575117171,0.0320015021810409,0.0587627633070746,-0.0008295492974927,0.0249832053761059,0.0558666651615797,0.05,0.0336865335024789,0.0,0.027137424183032,0.029370614026884,0.0362533989358433,0.0119166289700724,0.0216573771356146,0.0472057961925552,0.0081092473394813,0.0194915887443389,0.0449006993448408
5.0,0.0,0.0,0.0,-0.0132699941077324,0.0257621952676345,0.030100429211212,-0.0088316984196314,0.051143383741325,0.0440522011687762,0.0025543637920299,0.0676177314395068,0.0537494926353352,0.0146945364675088,0.0819878408445441,0.0540051556404001,2.2481682894370203e-19,0.1,-1.033304805626341e-18,0.01530496915579,0.1323815870371611,0.0026845349927444,0.0215435063961211,0.1367087595632025,0.0233871664249431,0.0239863923205511,0.1296322426403623,0.0416720015305802,0.0172225817440568,0.0911564625863794,-0.0068279169810933,0.0301493149927797,0.0976237171843893,0.0381350814678696,0.0348511496936263,0.0768606705390604,0.0461215846289206,0.0364802569497308,0.0690391426844343,0.0378506078162535,0.033784717574089,0.0749123314805628,-0.0061372180387894,0.0421105564098448,0.0741061156871117,0.0408682811761883,0.0355260382594054,0.0554553157564656,0.0446640179588389,0.0298528302528824,0.0495120434803441,0.0355495067799059,0.05,0.0547886677020203,1.734723475976807e-18,0.0494809678677474,0.0540873611800821,0.0362276117058981,0.03969774041564,0.0418869304772577,0.0396849998278112,0.032336751476954,0.0377014374963484,0.0314831500005478
2.0,0.0,0.0,0.0,-0.0163672556549791,0.0173384297764986,0.0158796092905652,-0.025737786723906,0.0433634046788413,0.026675049304808,-0.0237131267533102,0.0620454610334818,0.0341094978413757,-0.006206025199249,0.0658682390955486,0.034043513518349,-1.5565105960941098e-18,0.1,7.520684483141049e-19,0.0188582984224662,0.1463590345765833,0.0056253960739652,0.0074890357780544,0.1397907757264569,0.0246148797278306,-0.000763010102135,0.1213798879860049,0.0351169231127105,0.020468738240092,0.095018213250166,-0.0048119625077712,0.0392677055892133,0.1419394682590783,-0.0004020232008847,0.0216803220065291,0.1272104222787425,0.0167058065609975,0.0098827223105934,0.1053490217768678,0.0241972530190142,0.0380953823108978,0.0825661009906127,-0.0048863918053308,0.0334688301703172,0.0927092137046968,0.0149846779127123,0.0144569380367745,0.0680715517601508,0.0274785362493451,0.0059972458902199,0.0503705000729772,0.0274090810604569,0.05,0.0654161324334462,3.469446951953614e-18,0.036516323207094,0.0679230484677736,0.0149870404824041,0.0214975590793874,0.0544012171555436,0.0209014146670325,0.0164998621913287,0.0436764570100341,0.0189478470073756
3.0,0.0,0.0,0.0,-0.0169606778183937,0.0206252823840364,0.0151673182680457,-0.0233015739291793,0.0466031152208374,0.0242694371581978,-0.010419694639487,0.060202228624148,0.0267053958796043,0.0110569481964567,0.0597729285090958,0.024441598848726,4.795975970752168e-18,0.1,-2.317270601061764e-18,0.0143331294490788,0.1375010010730019,0.0093805130753172,0.0089766652126102,0.1238271371710119,0.0252259669737389,0.0050912976448907,0.1068960119858932,0.0333460592824765,0.0207217876495446,0.0906381871557238,-0.0046196534515721,0.0342849274352995,0.1191377929682355,0.0035548074345903,0.0209174337629052,0.101955882503646,0.017748733541237,0.0127623009638614,0.0871033017177031,0.0235615879182239,0.037959550838223,0.0738708821415537,-0.0044657876202348,0.0426774167566938,0.0835118719679847,0.0072499586902384,0.0218980314048754,0.0679271202696546,0.018457584511655,0.0093479691333819,0.0583199618191754,0.0215761646686944,0.05,0.0518363468291923,0.0,0.0442561003913158,0.0515665075506437,0.0095025633187776,0.028009041548866,0.0436912266949158,0.0152290501335577,0.0186799364629372,0.0394865128984263,0.0160017899678079
3.0,0.0,0.0,0.0,-0.0114997025731924,0.0190454787045439,0.0148462038994705,-0.0162968588914432,0.0481692317348359,0.0214882909076587,0.0012259136619815,0.060591670642858,0.0215327350608536,0.0210136738569129,0.0605977830075104,0.018416072194979,3.714642687893261e-19,0.1,-1.0424729396565118e-18,0.0083785678310853,0.121950032703983,0.0136568705155554,0.0021096568388274,0.0955657045478211,0.0261245502976923,0.0017286229023113,0.0851668677215009,0.0302708859445011,0.0205416821421733,0.0947715263693201,-0.0043938751111583,0.0276633697465879,0.1122939787835878,0.0099228684995137,0.0155809641514275,0.0838473936017164,0.0193159114928807,0.0118850596811958,0.076888385240569,0.0185981269558864,0.0375218330091358,0.0815478034912873,-0.0039352972441822,0.0364679531989258,0.0759654533385798,0.0125223106820254,0.0201846883386813,0.0530710267254885,0.0167687108841133,0.0155939418423124,0.0523074515055905,0.0124051622747919,0.05,0.0636383988873666,1.734723475976807e-18,0.04095280033184,0.0488933417698615,0.0112888538270178,0.028575267614154,0.0356442591698464,0.013567384477304,0.02664897685134,0.0388483742339635,0.0097139380679491
6.0,0.0,0.0,0.0,-0.0178295664972713,0.0189575153703631,0.0153303510920747,-0.0274394689850001,0.0451368984300026,0.0241010080496456,-0.0121411896971251,0.0594956116687951,0.0263212804369705,0.0124356233089121,0.0628702977283366,0.0248879417214326,-2.0396442613898217e-18,0.1,6.730195959613495e-19,0.0182690107895982,0.1377993245326297,0.0075027757642898,0.0150381506993462,0.1236294297597304,0.0209868500872531,0.0091829636836873,0.1064161535341691,0.0293000755673132,0.0216007809850194,0.0889667051648439,-0.0042322365161032,0.0388378801239658,0.1081562930258677,0.0046286114564647,0.0270919445506165,0.0876802094376567,0.0169762127668236,0.0162708604506513,0.0737501565230311,0.022926486161321,0.038218321498325,0.0713033980014738,-0.0038817512208778,0.0505281298794547,0.0776745091511448,0.0057414663121103,0.0319446637548611,0.0583572670228105,0.0129805512354916,0.0170752637863998,0.0468884329975344,0.0150658712354008,0.05,0.0486993601710207,0.0,0.0529549289861993,0.0472631985661466,0.0075710777352498,0.0365515962661534,0.035768877574151,0.0117762145911091,0.0225405847350266,0.0298125279600091,0.0126201249228294
6.0,0.0,0.0,0.0,-0.0168627388579612,0.0168625092628492,0.0153655374891414,-0.026827149161042,0.0403406199146516,0.0253088058896276,-0.0134136274969446,0.0533819141789788,0.028088381153107,0.0083597948717923,0.0562604614839059,0.0264084599652322,-6.424302393054131e-19,0.1,2.282326113097365e-19,0.0093441841488727,0.1278016963542615,0.0122074880535748,0.0036044528480064,0.1078841275136595,0.0276087027044587,0.0006252251574753,0.0910989455165155,0.0354491675160221,0.0229969528114932,0.0936845511986955,-0.0055906632700857,0.0215267005842766,0.0898240637111533,0.0105687139674847,0.009761135484039,0.0672391757858393,0.0219270277719326,0.00739594219007,0.0612743023771154,0.0243417275900759,0.0393792545559869,0.0758650252122457,-0.0050187485340521,0.0287827998384647,0.0570980184944924,0.0120784397010178,0.015059529621095,0.0424093163934619,0.0161929146573484,0.0127026896484136,0.043243249531384,0.0138369564819538,0.05,0.0530833867241928,0.0,0.0345584082177304,0.0317346261145395,0.0133573506974025,0.0230197950807851,0.0234946739832951,0.0156309835561464,0.0213616201945675,0.027028926302935,0.0122538286394805
5.0,0.0,0.0,0.0,-0.0117319216385643,0.0202177796454174,0.0106072788505095,-0.0172068889955123,0.0444714159854255,0.0167460141505202,-0.0040742638115852,0.0614919058577658,0.0196530616134706,0.0115387549489249,0.0757710845102987,0.0212287288757227,-1.4404045569745946e-19,0.1,2.7652689292311486e-20,0.0109218551145259,0.1264070412328402,0.0097000909904088,0.0124076553236844,0.1325925051809756,0.0174932490966534,0.0112910836991564,0.132511365065601,0.0219355321659617,0.0198659019251422,0.0980214781701353,-0.0029996224675534,0.0222856833017128,0.101361608077067,0.0126977569620519,0.0136440584319708,0.0749895262754389,0.0215290354706462,0.0074668967299544,0.0584624754206427,0.0233894945295553,0.0365783216642244,0.0867537621693431,-0.002695581564024,0.0325169357914554,0.0716720291062919,0.0135392338983281,0.0217889866129644,0.0501208190497641,0.0163736526298564,0.0149207646058733,0.0418828856098172,0.0140460518072955,0.05,0.0691831710815161,0.0,0.0432242089565163,0.0503061053873626,0.0108863444558715,0.0329528123819098,0.0359815081625806,0.0127420652158377,0.0280563527370372,0.0342834768236181,0.0103212777921927
6.0,0.0,0.0,0.0,-0.0136506627817974,0.0201839824844067,0.0107175403471176,-0.0191949715047917,0.0463355360080279,0.0166884836676983,-0.0071132246325661,0.0639459862557177,0.0192827354200912,0.009965418652296,0.0756335023336563,0.0188176408625004,1.0234735044809432e-18,0.1,6.483814054737904e-19,0.0115687163340867,0.1312532290894084,0.0106287880456668,0.0076055006026756,0.1172033358180049,0.021434369088018,0.0041889730727297,0.1022229731409659,0.0266827225637557,0.0202289284139956,0.0959590695474223,-0.0034126088524974,0.0173541105986489,0.09059241910075,0.0120089253525503,0.0075584229722277,0.0673301328005802,0.0199043101134388,0.0056930378291759,0.0622541308606551,0.0205236385161639,0.0367451732881445,0.0825991770688374,-0.0028831454806609,0.0278525017533327,0.0652548765329432,0.0131232516919242,0.0164396773403991,0.0466981838298773,0.0158344140626152,0.0142660083085482,0.0459217252081366,0.012919074983701,0.05,0.0649323598706177,-1.734723475976807e-18,0.0396054168395987,0.0476011159348127,0.0105399226622578,0.0291059691915812,0.0348369500310852,0.0118654714479753,0.0269648160274944,0.0359325556551692,0.0085281038960306
5.0,0.0,0.0,0.0,-0.0137354094111602,0.0175961040930579,0.0111397431947498,-0.0211622249357611,0.0411285577832068,0.0192830128005183,-0.0088260259909561,0.055050200744003,0.0229508525644693,0.0063534844726431,0.0615669716127818,0.0248201283665976,2.6581510331911788e-18,0.1,1.0248436361813181e-18,0.0115177368489455,0.136539145939713,0.0097849309141596,0.0071947163661518,0.1316979274967253,0.0230513366481141,6.922146896561697e-05,0.1144192993863051,0.0321212738191265,0.0219384110096136,0.0959561000713258,-0.0046412992624222,0.0119752683880293,0.0782380728557127,0.016479484422677,0.0050210016297844,0.057787975404891,0.025789057086191,0.0046619495592185,0.0512852157923272,0.0274939480568547,0.0383006817129871,0.0800147212296772,-0.0040426571645287,0.0222846061823675,0.0538916294710001,0.015628503301108,0.0135997412784356,0.0403323268583094,0.0185834742215694,0.0125267167180744,0.0418921475705886,0.016227946980141,0.05,0.059667910920753,1.734723475976807e-18,0.033925719431988,0.0349388130717809,0.0133960054657448,0.0246688841598698,0.0243069783450994,0.0149660378730263,0.022706367406208,0.0268922544853679,0.0116509899615999
6.0,0.0,0.0,0.0,-0.0124772623393764,0.0196593062517215,0.0114582622277071,-0.0162430081441428,0.0479314906020069,0.0165498000187773,-0.0015469359718047,0.0638821466685613,0.0179133098813155,0.0171691022625635,0.0714752419702566,0.0160841650853483,5.004087398762554e-18,0.1,-1.1111010070076441e-18,0.0036324317747386,0.1164520461729231,0.0134028672885862,-0.0028509180415342,0.0895861476076811,0.0242458450310633,-0.0040294747195904,0.0753541898782771,0.0285890707137102,0.0205021484324175,0.097617495514939,-0.0034806394274019,0.0195071703036484,0.0945831386168966,0.011089056679357,0.0086016109815398,0.0663997539522675,0.0179527934428504,0.006524692782884,0.0612097098986459,0.0176431162279494,0.0371376392591545,0.0862893399035998,-0.0030040211082188,0.0311039804584528,0.0715185374807912,0.0107922364343807,0.0186031223874899,0.0503575218918901,0.0120556959093354,0.0168105879761199,0.0503851660308436,0.0083687064792119,0.05,0.0706681134908406,-1.734723475976807e-18,0.0404365182589288,0.0505410557829129,0.0094848284220438,0.0308829788360621,0.0369761704965858,0.0106182762406331,0.0307901469238953,0.0404198186221491,0.0073655744001382
4.0,0.0,0.0,0.0,-0.0199391726220287,0.0232350717923299,0.0102836768417387,-0.0259276744030558,0.0579729215178991,0.0142931887802688,-0.0170940099840266,0.0874506257446895,0.0159048033348367,-0.0009852939279772,0.1078006022146692,0.0156219509120701,4.2140996832496535e-18,0.1,-9.323473478125965e-19,0.0027086662829965,0.1338315193735811,0.0079126593858093,0.0040918242128842,0.1573164729547204,0.0127853469634588,0.0068345338657381,0.1776530234254874,0.0154540479884694,0.0218429619390914,0.0984570358909351,-0.0024851313151608,0.0095602430528907,0.1121448426159152,0.0148387796052334,-0.0010698835331008,0.0876339719644009,0.0222138273091233,-0.0013576455788834,0.0700768010795597,0.0222213999141182,0.0381199411692967,0.0894732742526837,-0.0021981801469429,0.0169698912307135,0.0893478837387814,0.0170558337013738,0.0074023694246519,0.0667816915005301,0.0184055373743946,0.0092289909382658,0.0567232754849545,0.0137867221626159,0.05,0.0746081448188687,-1.734723475976807e-18,0.0277070526077763,0.07260056534836,0.0136512056976311,0.0198504753308068,0.0572360210327116,0.0140960952676514,0.0239165826995208,0.0513792379080267,0.0099647961343867
5.0,0.0,0.0,0.0,-0.0209792107221328,0.0218308557660073,0.0178596367988028,-0.0244510008714847,0.0494311814700094,0.0275143865280549,-0.0165055326017733,0.0688903072182953,0.0334500574805134,-0.0069998456460254,0.087471214418437,0.0361342790427905,2.7577485414942186e-18,0.1,3.788699134921409e-19,0.0146302608344736,0.1364886480350369,0.0101494250256678,0.0075833096636761,0.1410209729927423,0.0290881688366738,-0.0009811104537749,0.1328349759800489,0.0428203866178163,0.0227850509924103,0.0952119749058034,-0.0072250677190911,0.0098771244726248,0.0992365685945476,0.0269502928363469,0.0076771515825047,0.0773227367805194,0.0374183297123474,0.0152338030113572,0.0688458195332768,0.0333288890056954,0.0392216909181348,0.0816577448243698,-0.0066017906990788,0.0184035298404519,0.0714274713917677,0.0300341200363661,0.0135346874902811,0.0526099204046906,0.0326551239484625,0.0195125042207992,0.0499933816030358,0.0236575869125514,0.05,0.0631014307603423,0.0,0.0268897639040858,0.04782164938361,0.0295841260484109,0.0229312143047573,0.0358911221820694,0.0311095249494822,0.0296134235217664,0.0370806673209509,0.0218249732690853
4.0,0.0,0.0,0.0,0.0051211644809053,0.0343531690187387,0.0207215399008294,0.0185621561740712,0.0664763692663724,0.0328684495991699,0.0374510850032249,0.0878981484299796,0.044650947621115,0.0545933455017821,0.1022310924990397,0.0526494806375085,2.3483395392038336e-18,0.1,3.926519480540897e-18,0.0143398432360107,0.1389624162181512,0.0033118320638934,0.0244364513824791,0.1638566978412888,0.0082847058218371,0.0298806009310878,0.1844400826109525,0.0105999475684377,0.0119417515155454,0.0892416794413482,-0.0058754141312463,0.053677035543989,0.1056427695762124,0.026758507601644,0.0611774943251244,0.0861525835673023,0.0293018275559213,0.0550625670131449,0.0778385549037506,0.0201484804099363,0.0294029882805836,0.0702508101651975,-0.0049982688407812,0.0701260783964045,0.0806232740206545,0.0302114425984982,0.0653830810764102,0.0641111609207963,0.032884494439033,0.0519812887692351,0.0590956872769793,0.0253669462386934,0.05,0.0489440016787984,0.0,0.0766956362243937,0.0583918809607479,0.0328457932523194,0.0694910744410867,0.0468906439362395,0.0354333234520852,0.0564019592689404,0.0422326356961029,0.0273228446049293
4.0,0.0,0.0,0.0,-0.0120803192252657,0.02928583039066,0.0159914447985092,-0.007053633270023,0.0647877382717771,0.0183138566847302,0.0164634131742771,0.0875871111413494,0.0194918349281224,0.0338379948185105,0.1085747971139692,0.0193741891654826,-1.5278966501200224e-18,0.1,8.918766308234121e-19,0.0114021921509937,0.1376975951238709,0.0076767427240386,0.0201225243202075,0.1619822846054522,0.0123162411647205,0.028741486538017,0.1820710280288615,0.0151121963039925,0.0199627985534043,0.0866377473037297,-0.002350616607025,0.0371463726601672,0.1027720527676773,0.0137678920160953,0.0270315792358302,0.0796165410865231,0.0206373069436579,0.0159922001762508,0.0672813212190812,0.0203711412995283,0.0367947524981038,0.0706093182000424,-0.0019763772272208,0.0521769144495154,0.0822025440632063,0.0162821744510169,0.0365603256450307,0.0602158707092726,0.0164225200615045,0.0247180254319954,0.0522774428178573,0.0105202677894308,0.05,0.0530219002969501,1.0842021724855044e-19,0.0638759663551742,0.0642871750361196,0.0121908784993304,0.0506995565641175,0.0502077461216787,0.0104608377518169,0.0402451134975916,0.0438153409086553,0.0051349905253783
3.0,0.0,0.0,0.0,-0.0185228716657434,0.0219018102494973,0.0109397473242294,-0.0222757843135991,0.0549101939259942,0.0153690850142669,-0.0050353178205233,0.0809228011883888,0.0156419501193024,0.0187474207499584,0.09557876517563,0.0128540873639642,9.017080500238497e-18,0.1,-2.27577860630746e-18,0.0092728989951993,0.1392778648917868,0.0111044361025688,8.045507976485949e-05,0.1249161968799795,0.0225671476589624,-0.0039479745090144,0.1046297281998351,0.0265818703122927,0.0205897573289093,0.0982544772913299,-0.002658088822663,0.0339778372097571,0.1386397818773243,0.0047509612857888,0.0178868157265061,0.1192648708647023,0.0141115122385585,0.0081805527852661,0.0988808255448529,0.016690632625243,0.0374472318176332,0.0886356105500716,-0.0022439224742284,0.0383230829766086,0.1041621790656555,0.0106803880892768,0.0166693147919576,0.0803622429456377,0.0176533040606498,0.0048704670159066,0.0619649738226614,0.0171607739620843,0.05,0.0730891914541994,0.0,0.0448324387802282,0.0837007899335007,0.0096537517448859,0.0237844177023569,0.070169557179118,0.0135900141762432,0.0105470357037211,0.0572723827812463,0.0129652223951011
3.0,0.0,0.0,0.0,-0.015078161930947,0.0131881704278655,0.0136210215447528,-0.0261180680784056,0.0368008637245733,0.0210303987372545,-0.0101462192743433,0.0505774700307531,0.0223882670677158,0.0117367224501692,0.0519214392966802,0.0215414409720992,1.6765773026900374e-18,0.1,-2.1103278089661657e-18,0.001439247844646,0.1134588970632588,0.0120286875043259,-0.0071558849680308,0.0847084788745533,0.0233908341948626,-0.0061202757389996,0.0764312491252888,0.0272568840582771,0.0216388122299132,0.0989478863942609,-0.0036959605120083,0.0239824206008158,0.1122943503289629,0.0076484511488797,0.0112941057088362,0.0804281204550894,0.0161603713004458,0.0101142742741044,0.0723748894391933,0.0159804642618994,0.0383782946781717,0.0868823415430502,-0.0032731914032367,0.036082661902502,0.0821773388548535,0.0103585712746952,0.0204570748581611,0.0562505040904596,0.0145694792852383,0.0178689726655577,0.0528187950338586,0.0115335696803993,0.05,0.0681231800870755,-1.734723475976807e-18,0.0386413506466902,0.0520088260119856,0.0113642644913717,0.022885404688121,0.0358916312147554,0.0146323333876923,0.0179103410219689,0.0363370180256896,0.0124978453438401
2.0,0.0,0.0,0.0,-0.0141433627396479,0.0138915760881318,0.0261876864286958,-0.0008024730708827,0.0368125848739422,0.0379360239327413,0.0249470276849118,0.0607340818351936,0.0473554917728079,0.0451158265159853,0.0882450108734502,0.0503772966626689,1.0571375008393025e-18,0.1,-3.4057556192252746e-18,0.0211505770010538,0.1599941686573063,0.0087767382077815,0.0413281397154833,0.1694735256307059,0.0245474259625285,0.0544556170736238,0.1636380286511115,0.0353208085551829,0.0203065816768698,0.1019445043334241,-0.0047523836969313,0.0403732021132845,0.1633630272775521,0.003958085694882,0.0579597625609379,0.1643222160104275,0.0186406745684017,0.0675983845886827,0.153265445963918,0.0250541915040784,0.03803147547744,0.0951653986599871,-0.0036318431395233,0.0534822159276973,0.1026769780332477,0.0233788043613612,0.0422152908197759,0.0773459549232002,0.0346908796751487,0.0297712227332901,0.0611921492999419,0.0320839490884923,0.05,0.0833164867933839,0.0,0.0598380150748427,0.0794702967674964,0.0247918562024296,0.0482775193929931,0.0583102923099561,0.0327414628000647,0.0353938422156683,0.0446887827932345,0.0300060538186618
2.0,0.0,0.0,0.0,-0.0165521769262243,0.0192756731129125,0.0161764632279671,-0.0264060629921734,0.0537905487899768,0.0257409928128996,-0.0229703443102993,0.0775532780414456,0.0317079072309273,0.0002631861463074,0.0842369577061306,0.0296553142001014,-5.005327420352707e-19,0.1,-8.004189996084823e-19,0.0188678370384839,0.1398010732035681,0.0061981646127846,0.0104234188727586,0.1498676229423286,0.021415411064936,-0.002465922186749,0.1420777091426347,0.0333624156289507,0.0212279424289691,0.0969884468272323,-0.0044883998964164,0.0401950595240414,0.1443388479300358,0.0001933788062741,0.0211856745279768,0.1531622533525204,0.0157626480175055,0.0039494766966266,0.1433680126304849,0.0258870715730712,0.0390351085664935,0.0875707225340755,-0.0046609190929582,0.0389316485131467,0.1255761528205312,0.0071341195412198,0.0191961756036878,0.1258113814741564,0.0197188433827676,0.0098498364567297,0.1184029360294946,0.0248064845679142,0.05,0.0714740392189613,1.734723475976807e-18,0.0283811534120081,0.0793646469677699,0.0209048531714039,0.0215627537856274,0.0672973577399829,0.028804039451935,0.0251313226002169,0.0552975737010921,0.0292430224890365
3.0,0.0,0.0,0.0,-0.020279318004783,0.0230685141873631,0.0141198212863383,-0.0269693375885494,0.055803582774101,0.0209866250368158,-0.0136892436027296,0.075695626508056,0.0218568001705227,0.0092590873748774,0.0787193322588135,0.0170856765674988,1.2447194368340946e-18,0.1,-4.702424513159876e-19,0.0074811262082601,0.135813431986832,0.0120896612448235,-0.0006225905800342,0.1125607982550421,0.0254473888061167,0.0014362121975859,0.0955646310217758,0.0290963131465878,0.0223106124444384,0.0952512586559902,-0.0044172767775133,0.0297733237052927,0.129867847840414,0.0074063153995282,0.0140454530179348,0.1062672882379556,0.0191858382553049,0.0099909403792908,0.0910649159806793,0.020252751180271,0.0398287865258154,0.0837532580868025,-0.0043423675941833,0.032473730531229,0.0887456633851342,0.0125308647161078,0.0139637634258433,0.0675257426272855,0.0196137457699492,0.0112237164543773,0.0592942581874943,0.0166025019945672,0.05,0.068333534420573,0.0,0.0272662145773822,0.0618016545982191,0.0158465987549426,0.015782075736432,0.0475718792455878,0.019454409815533,0.0191779263051265,0.042784512556679,0.0154546933454142
5.0,0.0,0.0,0.0,0.001152504012817,0.0298072146059906,0.0208183286353531,0.0122413381279718,0.0607749077394778,0.0340948587315548,0.029282393655294,0.0794998935949553,0.0475625256539388,0.0443955308642038,0.0910118982346785,0.0568371698041204,6.884716244348478e-18,0.1,6.497768639721062e-18,0.0105306763170994,0.1368726563901958,-0.0011116875600683,0.0273056100112233,0.141985380975308,0.0195272784138826,0.0404545917226366,0.1343152215578975,0.0368878543645868,0.0131247563322803,0.0873266142221421,-0.005414799227488,0.055751728864281,0.0931152855121653,0.037449460702331,0.0618114840197343,0.0737949065299806,0.0392365982884313,0.0544924784383459,0.0689317423326426,0.0280797101899936,0.0302537683208395,0.0679703177275143,-0.004705523581519,0.0718024008863853,0.0640881298531013,0.042692763901405,0.0652549154208117,0.048261265817233,0.0401809777423639,0.0516870329715142,0.0475890876176176,0.028964116915656,0.05,0.0457205131255318,-3.469446951953614e-18,0.0778420636716757,0.0428058413427881,0.0420065924218506,0.0696580563675063,0.0315111139156342,0.0408135211972224,0.0557100700257098,0.0308662480367819,0.0297750681702873
6.0,0.0,0.0,0.0,0.003143550106166,0.0302741816902129,0.021982478277967,0.0151803866087089,0.059244152357014,0.0388182112988597,0.0321368758728174,0.0768819035705377,0.0553563085418742,0.0457489248118253,0.0847527878683585,0.0633897056498985,-2.5591642466717854e-18,0.1,-7.834691015860349e-18,0.0275587388241425,0.1221699636686378,0.0328128468394173,0.0446108731813632,0.0999484179546579,0.0422974415333634,0.0487383386457419,0.088349224247442,0.0359015340260857,0.0128841315230519,0.0825944219241471,-0.0059763461518331,0.0471909121870942,0.0881632753155987,0.0431302041302379,0.0528532377684766,0.0670440649386484,0.0454038753282492,0.048346933204302,0.0656366603562121,0.0318760951752727,0.0299627102435341,0.0601375261264118,-0.0055471505672698,0.0635107120215352,0.0586316691044634,0.0471333115240188,0.0586235422500153,0.0418941387938036,0.0455418444493478,0.0481780561166733,0.0431393338668717,0.031540292011959,0.05,0.036067512059636,-1.734723475976807e-18,0.0720525501770736,0.0354119564984559,0.0447731912574598,0.0655747239168371,0.0242758384824415,0.0423632998120466,0.0551982159645869,0.0250242054284943,0.0284031787703161
6.0,0.0,0.0,0.0,-0.0100431660391022,0.0149544553131493,0.0188789292995289,-0.0197622429330808,0.0327801268280241,0.0336837842609938,-0.0071851126566663,0.0333654928651273,0.0394355430335692,0.0111768284410489,0.0314179735569167,0.0404293076347701,1.160969802946933e-18,0.1,3.249646973380165e-18,0.0040083453089809,0.0946722964791247,0.0232529501443804,0.003746968977489,0.0839998484964903,0.0412405902562252,0.007280914343001,0.0871375423000879,0.0472675375231298,0.0222183027923474,0.0901511019958919,-0.0080405689067919,0.0170922749416443,0.04994809129869,0.0255791768683327,0.0099318439680862,0.0409528346577333,0.0375412551539478,0.012879066226213,0.0553492999816802,0.0347979993281272,0.038396911747749,0.067460419238336,-0.006902928967519,0.0274297921915445,0.0221001615709285,0.025925479309778,0.0163853869020022,0.0179141582438128,0.0278824609412815,0.0165224249592982,0.0340326409732055,0.0191163128306798,0.05,0.0420631353606924,0.0,0.0389929304860241,0.0069651936413457,0.0259421171685647,0.0285112730625599,0.0033942195396783,0.0298363334237287,0.0258883018075822,0.0153789366182153,0.023957441792388
2.0,0.0,0.0,0.0,-0.01248330975178,0.0199203145777893,0.016088766834147,-0.0159668781698436,0.046482801465724,0.0240456546829391,0.0072170330588218,0.0585754474309827,0.0244827539935175,0.0307425965888353,0.0605520209841192,0.0244709447369188,3.3373809668429e-18,0.1,7.0806886024771375e-19,0.0215763611054018,0.1430167494638383,0.0080789778830697,0.0220452911883396,0.1340056298133493,0.0213481025526977,0.0161753546996543,0.1133313558469953,0.0297844278500939,0.0202296163219542,0.0910562474791957,-0.0039571831911147,0.045194860307216,0.1404811920128787,0.0024367137019895,0.0406323980978355,0.1233673121055906,0.0141270069851635,0.0306729789928302,0.1001847366234039,0.0190278822491432,0.0370438505140184,0.0751534707927198,-0.0034504147458264,0.0528880142644137,0.0932231767534306,0.0093135326472116,0.0409021064317681,0.0684987076897359,0.0170840815644048,0.0289317655466318,0.0504621391824456,0.016457556305719,0.05,0.0545057507996803,1.734723475976807e-18,0.05954120909584,0.0664146179464417,0.0063442459933564,0.0467479762665013,0.0487016445681624,0.0081338125375865,0.0352453273195342,0.035420505324083,0.0056793990475957
4.0,0.0,0.0,0.0,-0.009972182331134068,0.03273085855290039,0.008987675779113418,0.0009211255462600803,0.06921163620354571,0.013055755610315769,0.016252387895322264,0.09467265143149291,0.015834628311762945,0.033413786265595914,0.11342002992565688,0.017327816264775853,3.55533627311332e-19,0.1,-9.737065866686686e-19,0.008761543677296273,0.14006918177411476,0.0030410110615053687,0.01682041885602076,0.16230851888033032,0.007344201672835496,0.02424115537078352,0.17856742369127204,0.011372654628246583,0.019173790339544937,0.09036857235166296,-0.0002247793858762689,0.040071123267918805,0.10546912628707972,0.007834559309947704,0.040561286293749874,0.09506510688399696,0.010417975776085242,0.03698920204629882,0.08614654041892178,0.009322308235929569,0.03642179516259928,0.07810736638007461,0.00017621459353502414,0.05350393854285698,0.08686222179953769,0.008225393421987252,0.04789140981194683,0.07341236292141777,0.009779255814478464,0.04092357542367476,0.06624528580156717,0.008360661362536558,0.05,0.06651189532362739,0.0,0.06449498948148605,0.0706868176991942,0.006433575612433172,0.0621209603082515,0.059684479405577154,0.006316100041027421,0.05663672294044462,0.052980943337747305,0.003537569107216953
5.0,0.0,0.0,0.0,-0.013101542721233908,0.026286570768429107,0.01340417250473781,-0.008122946250360467,0.061182902968888654,0.016140168354405054,0.014510172785338608,0.08400873967659764,0.016691363440176247,0.034572786550455946,0.10022388093895125,0.01715612239349023,1.3761616758203586e-18,0.1,-1.2833230641891418e-19,0.013694678048323132,0.1251176532796285,0.0077590416887079235,0.023970485181546694,0.14185166329611706,0.01332683405981977,0.0335153177106262,0.15649806280200196,0.016661434990086755,0.02036397126359732,0.09102532928552343,-0.0025120579450157365,0.037195095223857076,0.1024399862068103,0.011137941569008714,0.02561518739391871,0.0772037853811631,0.01910952532401228,0.014299655426618242,0.06357992624636115,0.020836551931002322,0.036893831497019226,0.07608950182237711,-0.0021957425452254478,0.05153355936037567,0.08304969117506776,0.012708583290004852,0.035565536369628656,0.05839922639225185,0.01405139745124563,0.023176878341768417,0.04789247584967496,0.010391978923604066,0.05,0.05679405500362183,0.0,0.06039407116114956,0.06257222372558181,0.010930670777218399,0.046106452533277734,0.04492409079653978,0.01160429025842414,0.034744859029000694,0.03792737488202027,0.00864089182734493
5.0,0.0,0.0,0.0,-0.014517824318949766,0.023696575957711307,0.014002173436862116,-0.01033030711426407,0.05834222506770162,0.01763666205648654,0.014866934430962314,0.0828423576440975,0.01848820249011599,0.0338609399907248,0.10238499931178391,0.017691599380100953,-1.1766758713125143e-18,0.1,1.5030586341352064e-19,0.023322660135393358,0.13827972017981557,0.012410117995296687,0.01766132937134432,0.12171448207227636,0.023719574242761915,0.010777929258819346,0.10464129152220808,0.028761677985981098,0.019399097384706094,0.08861613921014316,-0.0030435208861949014,0.03781160533827935,0.10617323715813697,0.012429119018122136,0.02157234397774914,0.0751802776450218,0.020866633240480926,0.012034616822106185,0.06347016690866138,0.02098901264629314,0.0356926196515835,0.07367393305288672,-0.002331981698442311,0.050556551785340846,0.08509095651513986,0.01398363141081959,0.03117604834809915,0.056530619105475514,0.015088453120787037,0.02009434296663513,0.04718963815947107,0.009641200952812314,0.05,0.055167291191086966,0.0,0.05954710780732543,0.06387346328728997,0.01065678458754412,0.04359819064590293,0.04486575496826049,0.011013325877102745,0.03380657155399063,0.03854907594730749,0.00657176622161818
6.0,0.0,0.0,0.0,-0.011286061699438132,0.02727917797994236,0.012739599103505077,-0.007504417528666799,0.057471938787894666,0.017416844583233754,0.019013412227844,0.07743590953978881,0.01872083446902812,0.041511726121813024,0.09197209848460589,0.018200800152508204,1.348902775975036e-18,0.1,6.80414468715658e-19,0.02083704735631994,0.1327439197932338,0.0120878419282913,0.013825998400483167,0.10775250190509685,0.024572247540583844,0.006692616403379126,0.0883795429084836,0.030544417972041812,0.01966968318344292,0.09090008466873155,-0.0030305361918060453,0.040735153951776765,0.11098813503972514,0.009836908795073849,0.02816287925329058,0.08141668880102587,0.018614932391052833,0.01959230617334085,0.06798935580142866,0.01987617230920108,0.03633153337910524,0.07828425753981103,-0.0024297910926527728,0.053437337732499895,0.08738928318126325,0.011177925693168606,0.037394201153503906,0.06174806400761032,0.013406942908744883,0.026951338120381037,0.05222449600804503,0.009849515780903515,0.05,0.062439427481204235,8.673617379884035e-19,0.059970260639671924,0.06460950513330639,0.009254346826766477,0.04601596614293019,0.04646762457326508,0.010706791582469182,0.03595736344698985,0.04017615085530465,0.007907246078756903
5.0,0.0,0.0,0.0,-0.00843623489263663,0.04304388238397224,0.004474834760182896,-0.004240509890291322,0.07457959422767566,0.004869869314160126,0.009034525821588167,0.08255208659557874,0.006616810000770305,0.023027782064950195,0.07662563978513193,0.009304417592450629,3.3642916048652367e-18,0.1,1.5818676749509728e-18,0.009175366897300028,0.1332805985690644,-0.0008792294655632486,0.016230684380595363,0.12024227418801077,-0.0005390803802176117,0.016817813646393866,0.10361655681708554,-0.001358381583029162,0.017858630374838234,0.09008604300585472,-0.00013634291337063977,0.035467114119789256,0.09391723646820514,0.0077063841895613884,0.03534335710213053,0.0762900614408193,0.00787422296406285,0.02815289629966558,0.06780331707344008,0.0037918835468611183,0.03486335733045889,0.07274395933541929,0.00021847197290358542,0.04936525733701421,0.07233033592379527,0.00902541434686657,0.0459690208141581,0.05851727008538368,0.011868036579033268,0.03851986089346991,0.052128187610928314,0.009784237494535528,0.05,0.052651864073075864,0.0,0.06117725555082492,0.05433220154766221,0.009289250111400759,0.055198785416010546,0.04285064092623925,0.014130140378972438,0.046905416960365265,0.0360733105984389,0.015434398517616507
5.0,0.0,0.0,0.0,0.022558450353143147,0.020105281728410883,0.022214374505246375,0.03835853537869996,0.05005969969852003,0.028554469257972698,0.058704940252567464,0.07219254444721328,0.03365831144797808,0.0725323459188646,0.08442770146405189,0.035546940212926315,-8.89309823873233e-19,0.1,-9.06793317598407e-19,0.014413859456838691,0.13653108583384754,-0.002006622709163398,0.03955095385393767,0.14227220859355205,0.007455719215425018,0.057857849973712995,0.1331937131266516,0.01635485168305441,0.011642673771149088,0.09228569915250545,-0.003639006404927177,0.0646117035815956,0.09881316075556669,0.01931746762788715,0.07090817509745527,0.07673421184475172,0.021723301368139644,0.06100528058110907,0.06876609023698245,0.016077017533472605,0.02917646915344383,0.07713189498707394,-0.0030350672050133195,0.0781213039453346,0.079135087464853,0.0207317313802399,0.07239928528382791,0.060774102040593185,0.02374309652900434,0.05857456032624256,0.05537226274899407,0.020063654097717164,0.05,0.059069555234599086,0.0,0.08274506629778956,0.06139310380577411,0.020685108404905308,0.07438991190544944,0.047522851843026126,0.024798824488419156,0.06111305636965711,0.04226333681650208,0.023416954265557732
6.0,0.0,0.0,0.0,-0.004780465197262447,0.04145196356776323,0.004753804017164537,0.004922246783227357,0.07433717113678184,0.0074732647419301634,0.024591115941347528,0.08582770653240175,0.013261768338715806,0.04344091241278164,0.0847911915237118,0.02080028294132514,4.012433107906115e-18,0.1,2.6309185333433603e-18,0.01932246139668611,0.1306143498281629,0.002565442128587651,0.028176872564657337,0.11172924174087646,0.004142895751075593,0.02699531017843957,0.09646815472358113,0.0015786906294940513,0.015668949052037577,0.09319339567247256,-0.0010079695545689204,0.04597185551102846,0.1003659773675637,0.012453755832825944,0.04873124855040836,0.07963604354965895,0.011973877597630226,0.04130587451266893,0.07318256058773763,0.005642241085929832,0.032554516828641605,0.07945980814689936,-0.0007395145903057315,0.05822005986813166,0.072104601845469,0.014121442742233311,0.05444871844968228,0.05407705401787687,0.01518485598208034,0.04506621096031113,0.05176065888662468,0.010078830052908197,0.05,0.06077172285622419,-3.469446951953614e-18,0.06643505084153138,0.04725980186147705,0.01370615691944482,0.05908535810120428,0.033986218345496595,0.015097090550321258,0.048992319711267,0.033205117147400015,0.01212361587936359
6.0,0.0,0.0,0.0,-0.0036676358606482075,0.04070871211954675,0.0052647192547974385,0.007492505663895301,0.0740522249792378,0.008545300132598006,0.028834752123790622,0.08619612612304665,0.014849353365820769,0.048692219106029,0.08792057947034293,0.022445150669400084,-6.98260242098231e-19,0.1,-4.548986848924718e-19,0.02032315211227432,0.13183821983318655,0.0024674596971199607,0.03121960854498176,0.11244247696885286,0.003805138444374103,0.03150879183463458,0.09632879729023036,0.0013834123254931885,0.015297032557308765,0.09286431122124655,-0.0009847963306583796,0.04590144739931263,0.10141311139409002,0.011945075468241922,0.04900857029698162,0.08026105001955583,0.011205021331026183,0.04130086052325136,0.07326590459013341,0.004475990392721157,0.03231685475779168,0.0786847767478237,-0.000659324887443859,0.05937039004912116,0.07114079626562152,0.014739619776185986,0.0558141194628138,0.05394941553836379,0.015725931840856897,0.046300881745401194,0.05170017492982607,0.010479001118676197,0.05,0.05973169113104754,0.0,0.0678035838692989,0.04705312081401236,0.014813556251068286,0.06049852328439148,0.03421784465899607,0.01619097710499404,0.04997797821812697,0.032851572403441956,0.012817002570923889
6.0,0.0,0.0,0.0,-0.006812594097139937,0.03807361619685504,0.004486027737633883,0.0023612979943606824,0.07088868271967061,0.007671391474080527,0.02075537488192254,0.08771398694631248,0.013136076639692741,0.03581476668596819,0.0985706590472453,0.018431868543724278,-1.4064665017344741e-19,0.1,-9.128787830913081e-20,0.024176837544519315,0.12808897142252226,0.0052261535445885824,0.03473227181698128,0.10768086276229696,0.006245709476207936,0.03351256587726681,0.09268585040971683,0.0029968781592513045,0.015428884972388174,0.09247990601881252,-0.0008871003598006182,0.05049235301730875,0.09705552854221376,0.01586528286226844,0.05285040758910218,0.07664990700947713,0.015707298694764893,0.04462732257016924,0.0702975902875493,0.009304157704802599,0.03234048071675823,0.0773053131185471,-0.0006777428101437926,0.06271264194203195,0.06793498833991105,0.0165566386015975,0.05847556098185174,0.051780281212013834,0.017573587980333205,0.04853984436380748,0.050257358904778775,0.01248184636141274,0.05,0.057988469294256086,-3.469446951953614e-18,0.07098421935514214,0.044070210493923984,0.01589847890243826,0.06322141469520078,0.03100317257371958,0.017061503910565195,0.052177297746722834,0.030106737548069112,0.013860731923054289
6.0,0.0,0.0,0.0,-0.003626842294603295,0.03935099171874904,0.0048911707916133515,0.008363551214178484,0.07175201127397245,0.008671148490920079,0.031141916988773978,0.08461264352468745,0.01575499830843209,0.05106175413658242,0.08737038576314266,0.02286219451151213,-3.463226386872236e-18,0.1,-1.307621137295092e-18,0.022046883708581617,0.12924306701402685,0.003831623531842108,0.0323111849614016,0.1089227590023066,0.0038147532117405614,0.031535527240536224,0.09374677279513427,-0.00011353190200066345,0.015176324364831701,0.09197762778663252,-0.0008413702743474746,0.04812061302525019,0.0966692837577117,0.01310482197510766,0.05027592621782474,0.07657702382518256,0.010870559907000334,0.041907707533432204,0.07106818650916115,0.003313942810026723,0.032091903278781794,0.07692746461013936,-0.0005774017185999764,0.060093332027122554,0.06838919412624123,0.014370550987181322,0.055535241530633876,0.05205416408168632,0.014433931461426575,0.04575022131871158,0.05068884349743167,0.009187591449767211,0.05,0.05764829313921548,0.0,0.0681866747322787,0.0442030496403645,0.013633996333305837,0.0602702727333483,0.03125651718767366,0.014169171744463676,0.049858574609744785,0.03057169892607673,0.011049808743641816
6.0,0.0,0.0,0.0,-0.004234713702580028,0.04003781059443079,0.005535906200199678,0.005619630144939055,0.07225505565275048,0.00833729669456887,0.024853684586723313,0.08337000185128729,0.014108717076206142,0.04272939264377258,0.08373523239814808,0.020945856817815828,-6.850513359733431e-19,0.1,-5.0841445138449505e-19,0.0175825660957112,0.13320871711514398,0.0009278999301656279,0.0292266902770687,0.11310020557013603,0.002909271046859334,0.029995853557369258,0.09665222073909113,0.00023148226668113017,0.015469253229258649,0.09393336875858221,-0.0010191403866883358,0.04446697657513371,0.10318803966123402,0.012782702335359122,0.04847958152434606,0.08129769474412668,0.012997653776864581,0.041486603548785944,0.0736547729852576,0.006042607868113101,0.032237575282454446,0.08022533911089372,-0.0008666293967130069,0.05816450077059317,0.07382807690056643,0.015548649458556954,0.0550978048739868,0.05573440682053608,0.016790590449742578,0.04601355080546435,0.05340790616175831,0.010954426500041147,0.05,0.061251678457658866,-1.0408340855860843e-17,0.06752377624180705,0.04666492286614206,0.015261798597284108,0.06015265742908582,0.03297409727568836,0.015855218367219898,0.04964331472576343,0.032098621781886126,0.011489015353515479
5.0,0.0,0.0,0.0,-0.01265863218433628,0.029979257306134308,0.008450176588419435,-0.011408527419836077,0.07038006794635318,0.010010953929455186,0.010537310297595784,0.095043417945868,0.008915538807839877,0.028465430218652082,0.11177808599758668,0.008915379523629464,2.370327369113602e-19,0.1,8.514563915173351e-19,0.009490457146527978,0.1306547621819344,0.0038305135116268566,0.01723579535229083,0.1550814693726642,0.0064580972983902685,0.023501755098930505,0.17475651191797237,0.008280849483174748,0.019160905841707654,0.0875054151505739,-0.0014190308945914913,0.035662484580790355,0.11787614738197594,0.004615463147303503,0.026997209813952972,0.10133135581373626,0.010383620678797861,0.01785066097794488,0.08513462267283126,0.012838746513421925,0.035169404006935946,0.06850446397428668,-0.001197385122244845,0.05120254568531592,0.09261742854004301,0.006378294567964447,0.038802004286121274,0.07416932163524094,0.007047798080947204,0.028907463101557253,0.05882547813011675,0.0051780821131362075,0.05,0.04404924344514118,-8.673617379884035e-19,0.06378556147520423,0.06633898652282916,0.00507285591930837,0.052810012487749816,0.05429603939013296,0.004576213840699059,0.044295010789538056,0.04175959491249355,0.002681295202502941
5.0,0.0,0.0,0.0,-0.01327608202481159,0.032503435200997986,0.010132411357613526,-0.01267152368161515,0.06280465931088534,0.014486336705713816,0.007808092850337553,0.08087943120660473,0.016182146430928107,0.02723339853535113,0.09246659850469631,0.016442430307737527,-6.765184738559966e-20,0.1,1.0047687637189747e-20,0.007465605779982666,0.1226196525350563,0.011071614319315444,0.0030171334705490246,0.09851540915923179,0.020209380103427394,-0.0019475659412633085,0.07994835678010272,0.02457993059417277,0.018611613005703367,0.08991805007746283,-0.002041731080159223,0.03092489035365493,0.11056515276337359,0.008490789327802173,0.020204352344237758,0.08318574395162504,0.014502864536963873,0.010562580145468348,0.06632525444510055,0.015465341330687969,0.03532339058023328,0.07526293368631148,-0.0015577992340689213,0.0474359023993453,0.09210437574340632,0.009574624139807721,0.0322772926671524,0.06665376275349577,0.010052998744055342,0.02153513782433847,0.05052234897521984,0.006465866592915978,0.05,0.055870428670349054,-8.673617379884035e-19,0.057076617648622666,0.06867403173295702,0.007479845804257236,0.04373230731690502,0.05239929168336265,0.006657447925160941,0.03423337339707657,0.04137598642688531,0.00303580548532324
